{
  "initialData": {
    "blockchainInfo": {
      "chain": "main",
      "blocks": 21472019,
      "headers": 21472019,
      "bestblockhash": "20006429edd3c20a822aac42e39dfd7ba3644c43c30cb915be10637248ede7e5",
      "mediantime": 1748563619,
      "verificationprogress": 0.9999999631215184,
      "initialblockdownload": false,
      "chainwork": "00000000000000000000000000000000000000000018af0087483e98c3f5f6cc",
      "size_on_disk": 33724017047,
      "pruned": false,
      "difficulties": {
        "sha256d": 1547400929.87515,
        "scrypt": 364220.2075286442,
        "skein": 19864046.73014038,
        "qubit": 591653.6625443541,
        "odo": 121572.1739130435
      },
      "softforks": {
        "bip34": {
          "type": "buried",
          "active": true,
          "height": 4394880
        },
        "bip66": {
          "type": "buried",
          "active": true,
          "height": 4394880
        },
        "bip65": {
          "type": "buried",
          "active": true,
          "height": 4394880
        },
        "csv": {
          "type": "buried",
          "active": true,
          "height": 4394880
        },
        "segwit": {
          "type": "buried",
          "active": true,
          "height": 4394880
        },
        "testdummy": {
          "type": "bip9",
          "bip9": {
            "status": "failed",
            "start_time": 1199145601,
            "timeout": 1230767999,
            "since": 80640,
            "min_activation_height": 0
          },
          "active": false
        },
        "odo": {
          "type": "buried",
          "active": true,
          "height": 9112320
        },
        "taproot": {
          "type": "bip9",
          "bip9": {
            "status": "active",
            "start_time": 1736510438,
            "timeout": 1799582438,
            "since": 21168000,
            "min_activation_height": 0
          },
          "height": 21168000,
          "active": true
        }
      },
      "warnings": ""
    },
    "chainTxStats": {
      "time": 1748563675,
      "txcount": 50636539,
      "window_final_block_hash": "20006429edd3c20a822aac42e39dfd7ba3644c43c30cb915be10637248ede7e5",
      "window_final_block_height": 21472019,
      "window_block_count": 172800,
      "window_tx_count": 280341,
      "window_interval": 2582603,
      "txrate": 0.1085497848488521
    },
    "txOutsetInfo": {
      "height": 21472011,
      "bestblock": "b7c9ae01baa3e51767cd9a80972b4e59c0927683fb5deee6e2ae07d71e85c4fe",
      "txouts": 14988672,
      "bogosize": 1122855586,
      "hash_serialized_2": "8b348bdba9ada7c1c10f6ce02149212a0c343a6b530e9d57d3c747e848d48f1e",
      "total_amount": 17717370217.54219,
      "transactions": 4080882,
      "disk_size": 801380394
    },
    "blockReward": 300.04549168
  },
  "timestamp": 1748563750962
}