{
  "initialData": {
    "blockchainInfo": {
      "chain": "main",
      "blocks": 21466638,
      "headers": 21466638,
      "bestblockhash": "b8f39579f67afd58539dbcff0cc55899b7eef609f88d9f5ef77187c4b511dec3",
      "mediantime": 1748483792,
      "verificationprogress": 0.9999999680337572,
      "initialblockdownload": false,
      "chainwork": "00000000000000000000000000000000000000000018ac9ce7d6385c161b194c",
      "size_on_disk": 33719772603,
      "pruned": false,
      "difficulties": {
        "sha256d": 944767095.6659036,
        "scrypt": 484918.6508481154,
        "skein": 15951584.29294761,
        "qubit": 498532.6659720276,
        "odo": 176883.2890696716
      },
      "softforks": {
        "bip34": {
          "type": "buried",
          "active": true,
          "height": 4394880
        },
        "bip66": {
          "type": "buried",
          "active": true,
          "height": 4394880
        },
        "bip65": {
          "type": "buried",
          "active": true,
          "height": 4394880
        },
        "csv": {
          "type": "buried",
          "active": true,
          "height": 4394880
        },
        "segwit": {
          "type": "buried",
          "active": true,
          "height": 4394880
        },
        "testdummy": {
          "type": "bip9",
          "bip9": {
            "status": "failed",
            "start_time": 1199145601,
            "timeout": 1230767999,
            "since": 80640,
            "min_activation_height": 0
          },
          "active": false
        },
        "odo": {
          "type": "buried",
          "active": true,
          "height": 9112320
        },
        "taproot": {
          "type": "bip9",
          "bip9": {
            "status": "active",
            "start_time": 1736510438,
            "timeout": 1799582438,
            "since": 21168000,
            "min_activation_height": 0
          },
          "height": 21168000,
          "active": true
        }
      },
      "warnings": ""
    },
    "chainTxStats": {
      "time": 1748483861,
      "txcount": 50628790,
      "window_final_block_hash": "b8f39579f67afd58539dbcff0cc55899b7eef609f88d9f5ef77187c4b511dec3",
      "window_final_block_height": 21466638,
      "window_block_count": 172800,
      "window_tx_count": 281127,
      "window_interval": 2583110,
      "txrate": 0.1088327636066602
    },
    "txOutsetInfo": {
      "height": 21466638,
      "bestblock": "b8f39579f67afd58539dbcff0cc55899b7eef609f88d9f5ef77187c4b511dec3",
      "txouts": 14983901,
      "bogosize": 1122503771,
      "hash_serialized_2": "0b5ff2d434a44444d5e6fb2c809b926042fcc1d29aee0b6f415d3b9a4cff0f27",
      "total_amount": 17715758073.115395,
      "transactions": 4079928,
      "disk_size": 801178333
    },
    "blockReward": 300.04549168
  },
  "timestamp": 1748483975144
}