{
  "initialData": {
    "blockchainInfo": {
      "chain": "main",
      "blocks": 21471265,
      "headers": 21471265,
      "bestblockhash": "000000000000000196820cbc8a3466578be8b3f754773cc7e3b25845ed409f54",
      "mediantime": 1748552533,
      "verificationprogress": 0.9999999459105069,
      "initialblockdownload": false,
      "chainwork": "00000000000000000000000000000000000000000018aeaa727f5e445fb2024c",
      "size_on_disk": 33723435141,
      "pruned": false,
      "difficulties": {
        "sha256d": 901170464.602115,
        "scrypt": 386528.3093534664,
        "skein": 26269139.90108709,
        "qubit": 1011612.064103107,
        "odo": 152526.7891510842
      },
      "softforks": {
        "bip34": {
          "type": "buried",
          "active": true,
          "height": 4394880
        },
        "bip66": {
          "type": "buried",
          "active": true,
          "height": 4394880
        },
        "bip65": {
          "type": "buried",
          "active": true,
          "height": 4394880
        },
        "csv": {
          "type": "buried",
          "active": true,
          "height": 4394880
        },
        "segwit": {
          "type": "buried",
          "active": true,
          "height": 4394880
        },
        "testdummy": {
          "type": "bip9",
          "bip9": {
            "status": "failed",
            "start_time": 1199145601,
            "timeout": 1230767999,
            "since": 80640,
            "min_activation_height": 0
          },
          "active": false
        },
        "odo": {
          "type": "buried",
          "active": true,
          "height": 9112320
        },
        "taproot": {
          "type": "bip9",
          "bip9": {
            "status": "active",
            "start_time": 1736510438,
            "timeout": 1799582438,
            "since": 21168000,
            "min_activation_height": 0
          },
          "height": 21168000,
          "active": true
        }
      },
      "warnings": ""
    },
    "chainTxStats": {
      "time": 1748552630,
      "txcount": 50635552,
      "window_final_block_hash": "000000000000000196820cbc8a3466578be8b3f754773cc7e3b25845ed409f54",
      "window_final_block_height": 21471265,
      "window_block_count": 172800,
      "window_tx_count": 280452,
      "window_interval": 2582618,
      "txrate": 0.1085921340283387
    },
    "txOutsetInfo": {
      "height": 21471264,
      "bestblock": "59a2be1ff74f635d9119ef67ec82e8292600e339580e18066098d649a8a25533",
      "txouts": 14988136,
      "bogosize": 1122816560,
      "hash_serialized_2": "04818f25518c16cf8a56ee4e6e48dbebb6b3110df80f229c62d52128b78454fb",
      "total_amount": 17717146083.559906,
      "transactions": 4081033,
      "disk_size": 801380394
    },
    "blockReward": 300.04549168
  },
  "timestamp": 1748552728165
}