{
  "initialData": {
    "blockchainInfo": {
      "chain": "main",
      "blocks": 21471336,
      "headers": 21471336,
      "bestblockhash": "000000000000000034440a83197202160c26f387e0344cd885fb86d678ffeaac",
      "mediantime": 1748553681,
      "verificationprogress": 0.9999999680380868,
      "initialblockdownload": false,
      "chainwork": "00000000000000000000000000000000000000000018aeb48471a40b8d451a4c",
      "size_on_disk": 33723479652,
      "pruned": false,
      "difficulties": {
        "sha256d": 999473337.1802329,
        "scrypt": 500805.6885598045,
        "skein": 14338556.49456841,
        "qubit": 779364.6043899804,
        "odo": 232966.7260849372
      },
      "softforks": {
        "bip34": {
          "type": "buried",
          "active": true,
          "height": 4394880
        },
        "bip66": {
          "type": "buried",
          "active": true,
          "height": 4394880
        },
        "bip65": {
          "type": "buried",
          "active": true,
          "height": 4394880
        },
        "csv": {
          "type": "buried",
          "active": true,
          "height": 4394880
        },
        "segwit": {
          "type": "buried",
          "active": true,
          "height": 4394880
        },
        "testdummy": {
          "type": "bip9",
          "bip9": {
            "status": "failed",
            "start_time": 1199145601,
            "timeout": 1230767999,
            "since": 80640,
            "min_activation_height": 0
          },
          "active": false
        },
        "odo": {
          "type": "buried",
          "active": true,
          "height": 9112320
        },
        "taproot": {
          "type": "bip9",
          "bip9": {
            "status": "active",
            "start_time": 1736510438,
            "timeout": 1799582438,
            "since": 21168000,
            "min_activation_height": 0
          },
          "height": 21168000,
          "active": true
        }
      },
      "warnings": ""
    },
    "chainTxStats": {
      "time": 1748553832,
      "txcount": 50635648,
      "window_final_block_hash": "000000000000000034440a83197202160c26f387e0344cd885fb86d678ffeaac",
      "window_final_block_height": 21471336,
      "window_block_count": 172800,
      "window_tx_count": 280452,
      "window_interval": 2582753,
      "txrate": 0.1085864579384866
    },
    "txOutsetInfo": {
      "height": 21471333,
      "bestblock": "3d568b7da1f86cecd2c17325266fef77364f272ee99de82e98de2ac4ea28d39e",
      "txouts": 14988165,
      "bogosize": 1122818720,
      "hash_serialized_2": "7d651f7b8d80af2a63dece136d591fa50c355be637867442445006a929392251",
      "total_amount": 17717166786.69883,
      "transactions": 4081061,
      "disk_size": 801380394
    },
    "blockReward": 300.04549168
  },
  "timestamp": 1748553876160
}