{
  "initialData": {
    "blockchainInfo": {
      "chain": "main",
      "blocks": 21471119,
      "headers": 21471119,
      "bestblockhash": "4f5ef9c516951e279dec10d956891d1bb59513b172bfdfc318ef2335e8472770",
      "mediantime": 1748550482,
      "verificationprogress": 0.9999999901655084,
      "initialblockdownload": false,
      "chainwork": "00000000000000000000000000000000000000000018ae97ee33a767e02325cc",
      "size_on_disk": 33723339884,
      "pruned": false,
      "difficulties": {
        "sha256d": 922180444.2763487,
        "scrypt": 454079.6534854235,
        "skein": 10499478.13252609,
        "qubit": 473921.0113120885,
        "odo": 57468.41185522178
      },
      "softforks": {
        "bip34": {
          "type": "buried",
          "active": true,
          "height": 4394880
        },
        "bip66": {
          "type": "buried",
          "active": true,
          "height": 4394880
        },
        "bip65": {
          "type": "buried",
          "active": true,
          "height": 4394880
        },
        "csv": {
          "type": "buried",
          "active": true,
          "height": 4394880
        },
        "segwit": {
          "type": "buried",
          "active": true,
          "height": 4394880
        },
        "testdummy": {
          "type": "bip9",
          "bip9": {
            "status": "failed",
            "start_time": 1199145601,
            "timeout": 1230767999,
            "since": 80640,
            "min_activation_height": 0
          },
          "active": false
        },
        "odo": {
          "type": "buried",
          "active": true,
          "height": 9112320
        },
        "taproot": {
          "type": "bip9",
          "bip9": {
            "status": "active",
            "start_time": 1736510438,
            "timeout": 1799582438,
            "since": 21168000,
            "min_activation_height": 0
          },
          "height": 21168000,
          "active": true
        }
      },
      "warnings": ""
    },
    "chainTxStats": {
      "time": 1748550510,
      "txcount": 50635357,
      "window_final_block_hash": "4f5ef9c516951e279dec10d956891d1bb59513b172bfdfc318ef2335e8472770",
      "window_final_block_height": 21471119,
      "window_block_count": 172800,
      "window_tx_count": 280468,
      "window_interval": 2582676,
      "txrate": 0.1085958904639994
    },
    "txOutsetInfo": {
      "height": 21471119,
      "bestblock": "4f5ef9c516951e279dec10d956891d1bb59513b172bfdfc318ef2335e8472770",
      "txouts": 14987739,
      "bogosize": 1122787176,
      "hash_serialized_2": "92fd8b8c0dd38acc0dd67a54d0b6144fdecc371fcb7f7ccb489a2cd20ca39633",
      "total_amount": 17717102576.96361,
      "transactions": 4080901,
      "disk_size": 801380394
    },
    "blockReward": 300.04549168
  },
  "timestamp": 1748550590903
}